category_final,tickets,share,sla_breaches,sla_breach_rate,sla_credits_inr
Delivery & Shipping,2820,0.2422472296194485,488,0.17304964539007092,170800
Billing & Payments,1662,0.14277123958422816,181,0.10890493381468111,63350
Returns & Refunds,1256,0.10789451078086075,132,0.10509554140127389,46200
Connectivity,1091,0.09372047074993557,109,0.0999083409715857,38150
Other,972,0.08349798127308651,82,0.08436213991769548,28700
Charging & Battery,834,0.07164332961085818,64,0.07673860911270983,22400
Product Enquiry,689,0.05918735503822695,52,0.07547169811320754,18200
App & Firmware,656,0.05635254703204192,56,0.08536585365853659,19600
Warranty & Repair,656,0.05635254703204192,63,0.09603658536585366,22050
Audio Quality,592,0.05085473756550125,35,0.05912162162162162,12250
Account & Login,413,0.035478051713770296,30,0.07263922518159806,10500
